,codigo,setor,precoAtual,liquidezDiaria,dividendo,dividendYield,dividendYieldAnual,variacaoPreco,pvp,vacanciaFisica,vacanciaFinanceira
0,AAZQ11,,"R$ 9,64",55865.0,"R$ 0,13","1,35%","2,90%","-0,72%","1,00",N/A,N/A
1,ABCP11,Shoppings,"R$ 64,85",798.0,"R$ 0,50","0,77%","1,53%","-2,90%","0,71","7,50%",N/A
2,AFHI11,Títulos e Val. Mob.,"R$ 92,21",7009.0,"R$ 1,06","1,12%","2,24%","0,57%","0,97",N/A,N/A
3,AGRX11,,"R$ 10,69",10183.0,"R$ 0,18","1,68%","3,24%","4,29%",N/A,N/A,N/A
4,AIEC11,Lajes Corporativas,"R$ 60,64",3907.0,"R$ 0,75","1,22%","1,49%","-7,46%","0,64","0,00%",N/A
5,ALMI11,Lajes Corporativas,"R$ 742,02",14.0,"R$ 0,00","0,00%","0,00%","2,27%","0,37","64,05%",N/A
6,ALZM11,Títulos e Val. Mob.,"R$ 83,36",2828.0,"R$ 0,85","1,01%","2,11%","5,63%","0,87",N/A,N/A
7,ALZR11,Logística,"R$ 112,00",6636.0,"R$ 0,82","0,74%","1,46%","0,09%","1,05","0,00%",N/A
8,APTO11,Híbrido,"R$ 8,56",1931.0,"R$ 0,10","1,23%","2,38%","-6,44%","0,86",N/A,N/A
9,ARCT11,,,,"R$ 0,39","0,44%","13,92%","-0,42%","0,87",N/A,N/A
10,ARRI11,Títulos e Val. Mob.,"R$ 8,86",34865.0,"R$ 0,11","1,24%","3,38%","-4,73%","1,00",N/A,N/A
11,ATSA11,Shoppings,"R$ 73,00",9.0,"R$ 0,05","0,07%","0,13%","0,00%","0,89","21,90%",N/A
12,BARI11,Títulos e Val. Mob.,"R$ 78,92",12920.0,"R$ 0,90","1,07%","2,06%","-8,06%","0,83",N/A,N/A
13,BBFI11B,Lajes Corporativas,"R$ 1.401,00",116.0,"R$ 27,08","1,30%","2,59%","-0,43%","0,49","39,11%",N/A
14,BBFO11,Títulos e Val. Mob.,"R$ 64,20",8021.0,"R$ 0,73","1,11%","2,26%","-0,87%","0,82",N/A,N/A
15,BBGO11,Títulos e Val. Mob.,"R$ 77,72",890.0,"R$ 0,87","1,09%","2,17%","-1,18%","0,80",N/A,N/A
16,BBIM11,Títulos e Val. Mob.,N/A,N/A,"R$ 0,15","0,00%",N/A,"0,00%",N/A,N/A,N/A
17,BBPO11,Lajes Corporativas,"R$ 84,31",14470.0,"R$ 0,90","1,10%","2,14%","-5,90%","0,84","0,00%","0,00%"
18,BBRC11,Outros,"R$ 93,51",967.0,"R$ 0,99","1,05%","2,08%","-0,85%","0,87","5,37%","1,08%"
19,BCFF11,Títulos e Val. Mob.,"R$ 61,50",30448.0,"R$ 0,56","0,89%","1,78%","0,67%","0,81",N/A,N/A
20,BCIA11,Títulos e Val. Mob.,"R$ 80,74",3814.0,"R$ 0,78","0,97%","2,83%","-1,54%","0,83",N/A,N/A
21,BCRI11,Títulos e Val. Mob.,"R$ 78,09",19089.0,"R$ 0,80","0,84%","1,85%","-4,49%","0,78",N/A,N/A
22,BDIF11,Renda,"R$ 82,10",15200.0,"R$ 1,00","0,00%",N/A,"0,00%",N/A,N/A,N/A
23,BICE11,Títulos e Val. Mob.,"R$ 999,00",3.0,"R$ 12,63","1,30%","3,16%","-1,12%","1,03",N/A,N/A
24,BICR11,Títulos e Val. Mob.,"R$ 100,57",1.0,"R$ 0,72","0,73%","1,53%","0,34%","1,01",N/A,N/A
25,BIDB11,Renda,"R$ 87,50",343.0,"R$ 1,30","1,49%","1,49%","0,00%",N/A,N/A,N/A
26,BIME11,,"R$ 6,72",8784.0,"R$ 0,08","1,08%","2,12%","-4,16%","0,75",N/A,N/A
27,BLCA11,Lajes Corporativas,"R$ 110,00",3.0,"R$ 0,58","0,50%","1,17%","33,71%","0,77","0,00%",N/A
28,BLCP11,Outros,"R$ 91,00",123.0,"R$ 0,56","0,62%","5,31%","-0,54%","0,81","6,20%",N/A
29,BLMC11,Outros,"R$ 71,00",34.0,"R$ 0,87","1,18%","2,26%","-1,97%","0,74",N/A,N/A
30,BLMG11,Logística,"R$ 60,93",5536.0,"R$ 0,78","1,15%","2,30%","-0,98%","0,64","0,00%","0,00%"
31,BLMO11,Lajes Corporativas,"R$ 20.999,00",1.0,"R$ 50,00","0,24%","0,24%","0,00%","0,63","0,00%",N/A
32,BLMR11,Títulos e Val. Mob.,"R$ 6,32",47672.0,"R$ 0,07","1,05%","2,08%","-2,05%","0,84",N/A,N/A
33,BMLC11,Lajes Corporativas,"R$ 101,00",40.0,"R$ 0,69","0,68%","1,32%","-0,23%","0,93","7,00%",N/A
34,BNFS11,Outros,"R$ 114,00",559.0,"R$ 1,35","1,11%","2,19%","-1,08%","1,25","0,00%",N/A
35,BODB11,Renda,"R$ 9,78",47649.0,"R$ 0,11","1,12%","1,12%","0,00%",N/A,N/A,N/A
36,BPFF11,Títulos e Val. Mob.,"R$ 59,00",5695.0,"R$ 0,62","1,01%","1,97%","-5,14%","0,82",N/A,N/A
37,BPML11,Shoppings,"R$ 56,00",10.0,"R$ 0,27","0,46%","0,46%","0,00%","0,45","5,80%",N/A
38,BRCO11,Logística,"R$ 93,01",14918.0,"R$ 0,62","0,66%","1,31%","-3,06%","0,77","0,00%","0,00%"
39,BRCR11,Híbrido,"R$ 53,01",15048.0,"R$ 0,46","0,81%","1,68%","4,03%","0,53","21,00%","25,80%"
40,BREV11,Híbrido,"R$ 103,00",7.0,"R$ 4,13","4,01%","4,63%","0,02%","0,85","0,00%",N/A
41,BREV11,Híbrido,"R$ 103,00",7.0,"R$ 0,41","0,40%","1,02%","-0,38%","0,85","0,00%",N/A
42,BRIP11,Híbrido,"R$ 1.000,00",1.0,"R$ 107,00","0,00%",N/A,"0,00%","1,03",N/A,N/A
43,BRLA11,Híbrido,"R$ 141,95",50.0,"R$ 1,09","0,79%","1,55%","-2,90%","0,90",N/A,N/A
44,BTAL11,Outros,"R$ 82,52",16963.0,"R$ 0,83","0,97%","1,90%","-3,45%","0,78",N/A,N/A
45,BTCR11,Títulos e Val. Mob.,"R$ 88,00",6663.0,"R$ 0,90","1,00%","11,59%","-6,19%","0,92",N/A,N/A
46,BTLG11,Logística,"R$ 93,45",24789.0,"R$ 0,74","0,79%","1,58%","0,53%","0,94",N/A,"2,00%"
47,BTRA11,Outros,"R$ 83,56",5821.0,"R$ 0,95","1,13%","2,25%","0,08%","0,60",N/A,N/A
48,BTSG11,Híbrido,"R$ 100,00",1.0,"R$ 0,87","0,00%",N/A,"0,00%","0,73",N/A,N/A
49,BTSI11,Híbrido,N/A,N/A,"R$ 0,72","0,00%",N/A,"0,00%",N/A,N/A,N/A
50,BTWR11,Lajes Corporativas,"R$ 107,00",4.0,"R$ 0,47","0,44%","0,81%","0,00%","0,96","12,00%",N/A
51,BZLI11,Títulos e Val. Mob.,"R$ 17,00",1.0,"R$ 0,00","0,00%","0,00%","0,68%","1,58",N/A,N/A
52,CACR11,Híbrido,"R$ 105,88",2476.0,"R$ 1,42","1,34%","2,69%","2,92%","1,02",N/A,N/A
53,CARE11,Híbrido,"R$ 2,14",9859.0,"R$ 0,00","0,23%","1,36%","-2,63%","0,26",N/A,N/A
54,CBOP11,Lajes Corporativas,"R$ 36,56",3415.0,"R$ 0,12","0,28%","0,54%","-6,39%","0,49","33,59%","30,79%"
55,CCME11,Outros,N/A,N/A,"R$ 0,85","0,00%",N/A,"0,00%",N/A,N/A,N/A
56,CCRF11,Títulos e Val. Mob.,"R$ 85,54",44.0,"R$ 0,50","0,63%","2,23%","-8,80%","0,90",N/A,N/A
57,CEOC11,Lajes Corporativas,"R$ 52,30",1134.0,"R$ 0,64","1,20%","2,38%","-3,34%","0,66","0,00%",N/A
58,CJCT11,Lajes Corporativas,"R$ 64,01",2559.0,"R$ 0,00",N/A,N/A,N/A,"0,98","59,00%",N/A
59,CNES11,Lajes Corporativas,"R$ 29,93",13.0,"R$ 0,11","0,39%","0,79%","-7,03%","0,33","56,70%",N/A
60,CORM11,Híbrido,"R$ 99,42",20270.0,"R$ 0,77","0,90%","6,20%","-2,97%","1,18",N/A,N/A
61,CPFF11,Híbrido,"R$ 57,48",2027.0,"R$ 0,34","0,59%","1,24%","2,10%","0,73",N/A,N/A
62,CPTI11,Renda,"R$ 93,90",4397.0,"R$ 0,90","0,96%","0,96%","0,00%",N/A,N/A,N/A
63,CPTR11,,"R$ 95,24",12675.0,"R$ 1,35","1,39%","2,89%","0,07%","0,97",N/A,N/A
64,CPTS11,Títulos e Val. Mob.,"R$ 74,89",65766.0,"R$ 0,76","1,00%","1,98%","-0,24%","0,83",N/A,N/A
65,CRFF11,Títulos e Val. Mob.,"R$ 61,79",68.0,"R$ 0,61","0,95%","1,91%","0,42%","0,76",N/A,N/A
66,CTXT11,Lajes Corporativas,"R$ 11,01",177.0,"R$ 0,09","0,39%","1,36%","-2,58%","0,32","97,00%",N/A
67,CVBI11,Títulos e Val. Mob.,"R$ 87,45",17895.0,"R$ 1,00","1,12%","2,37%","0,47%","0,93",N/A,N/A
68,CXAG11,Outros,"R$ 76,47",459.0,"R$ 0,75","0,97%","1,93%","0,25%","0,67",N/A,N/A
69,CXCE11B,Outros,"R$ 38,68",651.0,"R$ 0,41","1,03%","2,03%","-1,58%","0,59","0,00%",N/A
70,CXCI11,,"R$ 76,20",1622.0,"R$ 0,83","1,07%","2,18%","3,12%","0,84",N/A,N/A
71,CXCO11,Lajes Corporativas,"R$ 67,50",1114.0,"R$ 0,51","0,73%","1,75%","-2,12%","0,68",N/A,N/A
72,CXRI11,Híbrido,"R$ 61,57",75.0,"R$ 0,56","0,92%","1,81%","-3,17%","0,77",N/A,N/A
73,CXTL11,Logística,"R$ 413,99",335.0,"R$ 1,70","0,41%","1,19%","-0,24%","0,89","61,00%",N/A
74,CYCR11,Títulos e Val. Mob.,"R$ 8,02",30656.0,"R$ 0,10","1,23%","2,35%","-3,66%","0,84",N/A,N/A
75,DCRA11,,"R$ 8,78",13052.0,"R$ 0,11","1,20%","2,52%","1,44%",N/A,N/A,N/A
76,DEVA11,Títulos e Val. Mob.,"R$ 52,80",242807.0,"R$ 0,90","1,15%","2,41%","-10,76%","0,53",N/A,N/A
77,DRIT11B,Lajes Corporativas,"R$ 82,18",7.0,"R$ 0,45","0,52%","1,05%","-15,69%","0,62","10,47%",N/A
78,DVFF11,Híbrido,"R$ 63,30",5190.0,"R$ 0,70","1,02%","2,06%","1,48%","0,72",N/A,N/A
79,EDFO11B,Lajes Corporativas,"R$ 198,00",26.0,"R$ 1,73","0,87%","2,56%","-1,00%","1,10","7,10%",N/A
80,EDGA11,Lajes Corporativas,"R$ 19,50",2714.0,"R$ 0,13","0,65%","1,27%","-4,26%","0,32","48,81%",N/A
81,EGAF11,,"R$ 101,93",4937.0,"R$ 1,20","1,18%","2,63%","-0,07%",N/A,N/A,N/A
82,EQIR11,Títulos e Val. Mob.,"R$ 8,23",2013.0,"R$ 0,11","1,24%","2,47%","-0,11%","0,84",N/A,N/A
83,ERCR11,Híbrido,"R$ 76.000,00",1.0,"R$ 1.205,12","0,00%",N/A,"0,00%","1,17",N/A,N/A
84,ERPA11,,"R$ 122,98",463.0,"R$ 0,66","0,53%","1,11%","3,30%","0,90",N/A,N/A
85,EURO11,Logística,"R$ 229,97",80.0,"R$ 1,87","0,78%","1,56%","0,18%","0,71","0,00%",N/A
86,EVBI11,Híbrido,"R$ 92,80",392.0,"R$ 0,75","0,80%","1,60%","0,00%","0,93","0,00%",N/A
87,FAED11,Outros,"R$ 143,44",184.0,"R$ 1,61","1,10%","2,25%","3,10%","0,66","0,00%",N/A
88,FAMB11B,Lajes Corporativas,"R$ 725,00",5.0,"R$ 9,16","0,56%","8,82%","-47,80%","0,24","100,00%",N/A
89,FATN11,Híbrido,"R$ 93,99",83.0,"R$ 0,74","0,78%","1,74%","0,79%","0,95","4,30%",N/A
90,FCFL11,Outros,"R$ 105,80",1657.0,"R$ 0,81","0,80%","1,52%","-9,62%","0,91","0,00%",N/A
91,FEXC11,Títulos e Val. Mob.,"R$ 83,50",9153.0,"R$ 0,95","0,00%",N/A,"0,00%","0,92",N/A,N/A
92,FGAA11,,"R$ 9,71",87228.0,"R$ 0,13","1,31%","2,73%","0,71%",N/A,N/A,N/A
93,FIGS11,Shoppings,"R$ 46,26",2004.0,"R$ 0,39","0,82%","1,62%","-1,75%","0,61","13,70%",N/A
94,FIIB11,Híbrido,"R$ 435,00",455.0,"R$ 3,25","0,73%","1,45%","-1,55%","0,94","6,28%",N/A
95,FIIP11B,Logística,"R$ 141,00",601.0,"R$ 1,35","0,94%","1,86%","-1,70%","0,76","0,00%",N/A
96,FISC11,Lajes Corporativas,"R$ 165,00",200.0,"R$ 0,38","0,00%",N/A,"0,00%","1,43",N/A,N/A
97,FIVN11,Shoppings,"R$ 2,96",1011.0,"R$ 0,00","0,00%",N/A,"0,00%","0,39","56,00%",N/A
98,FLCR11,Títulos e Val. Mob.,"R$ 94,39",308.0,"R$ 1,15","1,20%","2,34%","-0,06%","0,96",N/A,N/A
99,FLMA11,Híbrido,"R$ 117,57",257.0,"R$ 0,78","0,64%","1,27%","-6,08%","0,73","11,00%",N/A
100,FLRP11,Shoppings,"R$ 1.607,00",1.0,"R$ 13,00","0,80%","1,62%","2,21%","0,88","2,01%",N/A
101,FMOF11,Lajes Corporativas,"R$ 51,11",1.0,"R$ 0,64",N/A,N/A,N/A,"0,43","52,08%",N/A
102,FPAB11,Lajes Corporativas,"R$ 134,99",16.0,"R$ 1,52","1,13%","2,33%","-1,46%","0,36","33,79%",N/A
103,FVPQ11,Shoppings,"R$ 88,95",168.0,"R$ 0,62","0,63%","1,86%","-2,27%","0,46","5,50%",N/A
104,GALG11,Híbrido,"R$ 8,23",44011.0,"R$ 0,08","0,95%","1,84%","-4,64%","0,89","0,00%","0,00%"
105,GAME11,Híbrido,"R$ 8,24",5342.0,"R$ 0,10","1,16%","2,32%","-0,81%","0,84",N/A,N/A
106,GCFF11,Títulos e Val. Mob.,"R$ 66,86",92.0,"R$ 0,75","1,11%","2,12%","-1,96%","0,84",N/A,N/A
107,GCRA11,Híbrido,"R$ 91,38",6984.0,"R$ 1,24","1,30%","2,58%","0,78%","0,93",N/A,N/A
108,GCRI11,Títulos e Val. Mob.,"R$ 87,74",1849.0,"R$ 1,10","1,21%","2,44%","1,05%","0,93",N/A,N/A
109,GESE11B,Outros,"R$ 1.520,00",300.0,"R$ 14,74","0,00%",N/A,"0,00%","0,86",N/A,N/A
110,GGRC11,Logística,"R$ 99,00",11820.0,"R$ 0,95","0,91%","1,84%","0,70%","0,80","0,00%","0,00%"
111,GSFI11,Shoppings,"R$ 5,10",15825.0,"R$ 0,00","0,03%","0,03%","0,00%","0,36","10,30%",N/A
112,GTLG11,,"R$ 95,00",2339.0,"R$ 0,70","0,73%","1,44%","-2,03%","1,02",N/A,N/A
113,GTWR11,Lajes Corporativas,"R$ 73,91",25647.0,"R$ 0,79","1,06%","2,13%","-0,01%","0,78","0,00%","0,00%"
114,HAAA11,Lajes Corporativas,"R$ 63,00",117.0,"R$ 0,47","0,67%","1,26%","-12,37%","0,71","17,00%",N/A
115,HABT11,Títulos e Val. Mob.,"R$ 86,13",26126.0,"R$ 1,25","1,45%","4,12%","-1,63%","0,87",N/A,N/A
116,HBRH11,Híbrido,"R$ 91,50",146.0,"R$ 0,61","0,67%","1,39%","3,17%","0,82",N/A,N/A
117,HCHG11,Outros,"R$ 80,06",12.0,"R$ 1,00","1,17%","2,38%","2,91%","0,80",N/A,N/A
118,HCRI11,Hospital,"R$ 237,50",75.0,"R$ 2,69","1,12%","2,22%","5,19%","0,77","0,00%",N/A
119,HCTR11,Outros,"R$ 52,50",298964.0,"R$ 0,70","0,95%","2,00%","-23,01%","0,44",N/A,N/A
120,HFOF11,Títulos e Val. Mob.,"R$ 65,21",10583.0,"R$ 0,63","0,96%","1,91%","-1,94%","0,85",N/A,N/A
121,HGAG11,,"R$ 35,65",333.0,"R$ 0,47","1,62%","3,31%","9,21%",N/A,N/A,N/A
122,HGBS11,Shoppings,"R$ 181,48",8876.0,"R$ 1,40","0,77%","1,53%","-1,29%","0,83","6,50%",N/A
123,HGCR11,Títulos e Val. Mob.,"R$ 103,00",24227.0,"R$ 1,20","1,18%","2,35%","-0,66%","1,02",N/A,N/A
124,HGFF11,Títulos e Val. Mob.,"R$ 70,78",10601.0,"R$ 0,65","0,92%","1,82%","-1,81%","0,84",N/A,N/A
125,HGIC11,Títulos e Val. Mob.,"R$ 92,94",14.0,"R$ 0,85","0,85%","1,49%","-2,30%","0,81",N/A,N/A
126,HGLG11,Logística,"R$ 160,00",29052.0,"R$ 1,10","0,68%","1,36%","-0,38%","1,04","6,90%","6,50%"
127,HGPO11,Lajes Corporativas,"R$ 245,00",989.0,"R$ 1,60","0,65%","1,27%","-3,45%","0,82","4,99%","2,72%"
128,HGRE11,Lajes Corporativas,"R$ 110,84",9766.0,"R$ 0,78","0,69%","1,37%","0,02%","0,71","27,13%","29,17%"
129,HGRS11,Residencial,N/A,N/A,"R$ 0,00","0,00%",N/A,"0,00%",N/A,N/A,N/A
130,HGRU11,Híbrido,"R$ 115,32",31401.0,"R$ 0,85","0,74%","1,43%","-3,74%","0,94","0,00%","0,00%"
131,HLOG11,Logística,"R$ 84,47",110.0,"R$ 0,65","0,77%","1,52%","-2,49%","0,73","58,00%","0,00%"
132,HOFC11,Lajes Corporativas,"R$ 25,29",2435.0,"R$ 0,11","0,00%",N/A,"0,00%","0,28","46,00%","50,00%"
133,HOSI11,Híbrido,"R$ 58,18",130.0,"R$ 0,42","0,68%","1,36%","-4,85%","0,63",N/A,N/A
134,HPDP11,Shoppings,"R$ 64,05",5.0,"R$ 0,45","0,64%","1,22%","-8,29%","0,72","2,00%",N/A
135,HRDF11,Híbrido,"R$ 0,94",1733.0,"R$ 6,80",N/A,N/A,N/A,"0,83",N/A,N/A
136,HREC11,Títulos e Val. Mob.,"R$ 77,20",584.0,"R$ 0,90","1,17%","2,30%","-2,46%","0,87",N/A,N/A
137,HSAF11,Títulos e Val. Mob.,"R$ 77,50",4875.0,"R$ 0,90","1,15%","2,28%","-1,12%","0,85",N/A,N/A
138,HSLG11,Logística,"R$ 75,50",7785.0,"R$ 0,72","0,89%","1,76%","0,81%","0,72","1,10%",N/A
139,HSML11,Shoppings,"R$ 78,96",17630.0,"R$ 0,74","0,94%","1,81%","-1,51%","0,82","4,50%",N/A
140,HSRE11,Híbrido,"R$ 103,00",21.0,"R$ 0,63","0,61%","1,23%","0,58%","1,07","0,00%",N/A
141,HTMX11,Hotel,"R$ 99,01",2023.0,"R$ 0,63","0,59%","1,24%","-6,70%","0,71","65,00%",N/A
142,HUSC11,Outros,"R$ 99,50",36.0,"R$ 0,85","0,83%","1,66%","-2,25%","0,68",N/A,N/A
143,HUSI11,Hospital,"R$ 1.137,61",1.0,"R$ 8,06","0,71%","2,94%","0,00%","1,02",N/A,N/A
144,IBCR11,Títulos e Val. Mob.,"R$ 76,46",1510.0,"R$ 1,00","1,32%","2,52%","0,63%","0,80",N/A,N/A
145,IBFF11,Títulos e Val. Mob.,"R$ 66,40",1924.0,"R$ 0,30","0,44%","5,42%","7,50%","4,49",N/A,N/A
146,IDFI11,Híbrido,"R$ 53,83",228.0,"R$ 0,50","0,92%","1,13%","-1,24%","0,97",N/A,N/A
147,IFRA11,Renda,"R$ 95,29",8978.0,"R$ 0,87","0,91%","0,91%","0,00%",N/A,N/A,N/A
148,IRDM11,Títulos e Val. Mob.,"R$ 77,69",245262.0,"R$ 0,93","1,08%","2,11%","-5,91%","0,84",N/A,N/A
149,IRIM11,Híbrido,"R$ 85,70",3682.0,"R$ 1,02","1,14%","2,26%","-1,48%","0,88",N/A,N/A
150,ITIP11,Títulos e Val. Mob.,"R$ 74,23",968.0,"R$ 0,88","1,15%","2,24%","-0,95%","0,94",N/A,N/A
151,ITIT11,Títulos e Val. Mob.,"R$ 73,90",1282.0,"R$ 0,58","0,78%","1,63%","-2,91%","0,99",N/A,N/A
152,JFLL11,Residencial,"R$ 58,38",909.0,"R$ 0,62","1,03%","2,08%","1,64%","0,58","28,00%",N/A
153,JGPX11,Híbrido,"R$ 96,59",1610.0,"R$ 1,13","1,17%","2,53%","-0,67%","1,00",N/A,N/A
154,JPPA11,Títulos e Val. Mob.,"R$ 100,18",5585.0,"R$ 1,40","1,36%","2,70%","-1,54%","1,02",N/A,N/A
155,JRDM11,Shoppings,"R$ 77,98",508.0,"R$ 0,65","0,84%","6,64%","-2,41%","0,88","2,77%",N/A
156,JRDM11,Shoppings,"R$ 77,98",508.0,"R$ 0,52","0,65%","6,46%","-0,05%","0,88","2,77%",N/A
157,JSAF11,Títulos e Val. Mob.,"R$ 79,00",5747.0,"R$ 0,93","1,16%","2,32%","-0,40%","0,87",N/A,N/A
158,JSRE11,Híbrido,"R$ 61,15",32392.0,"R$ 0,46","0,68%","1,44%","4,86%","0,54","14,80%","13,40%"
159,JURO11,Renda,"R$ 100,94",10348.0,"R$ 0,50","0,00%",N/A,"0,00%",N/A,N/A,N/A
160,KCRE11,Renda,"R$ 89,18",10049.0,"R$ 0,87","0,93%","2,13%","4,06%","0,91",N/A,N/A
161,KDIF11,Renda,"R$ 125,90",13793.0,"R$ 1,45","1,15%","1,15%","0,00%",N/A,N/A,N/A
162,KEVE11,Residencial,"R$ 1.000,00",18.0,"R$ 3,05","0,32%","0,32%","0,00%","1,08",N/A,N/A
163,KFOF11,Títulos e Val. Mob.,"R$ 77,19",4692.0,"R$ 0,72","0,92%","1,87%","1,87%","0,88",N/A,N/A
164,KINP11,Residencial,"R$ 10,36",2025.0,"R$ 0,20","1,91%","5,02%","14,11%","2,80",N/A,N/A
165,KISU11,Títulos e Val. Mob.,"R$ 7,80",122139.0,"R$ 0,08","0,94%","1,87%","-1,85%","0,93",N/A,N/A
166,KNCA11,Títulos e Val. Mob.,"R$ 105,11",19730.0,"R$ 1,08","1,01%","2,19%","-2,79%","1,03",N/A,N/A
167,KNCR11,Títulos e Val. Mob.,"R$ 97,65",85985.0,"R$ 1,00","1,01%","2,22%","0,23%","0,97",N/A,N/A
168,KNHY11,Títulos e Val. Mob.,"R$ 97,50",16856.0,"R$ 1,08","1,10%","2,49%","2,40%","0,99",N/A,N/A
169,KNIP11,Títulos e Val. Mob.,"R$ 91,00",90139.0,"R$ 0,91","1,00%","2,11%","0,63%","0,96",N/A,N/A
170,KNRE11,Residencial,"R$ 0,68",3320.0,"R$ 0,04","6,74%","6,74%","0,00%","0,89",N/A,N/A
171,KNRI11,Híbrido,"R$ 137,15",21379.0,"R$ 0,95","0,69%","1,34%","-1,78%","0,86","2,00%","6,72%"
172,KNSC11,Títulos e Val. Mob.,"R$ 85,73",34034.0,"R$ 0,87","1,00%","2,19%","-1,29%","0,97",N/A,N/A
173,LASC11,Shoppings,"R$ 103,00",55.0,"R$ 0,91","0,87%","1,64%","2,92%","0,97","2,40%",N/A
174,LASC11,Shoppings,"R$ 103,00",55.0,"R$ 4,25","4,13%","4,90%","0,98%","0,97","2,40%",N/A
175,LFTT11,Residencial,"R$ 68,35",275.0,"R$ 1,32","1,94%","17,80%","-7,69%","1,79",N/A,N/A
176,LGCP11,Logística,"R$ 71,54",1358.0,"R$ 0,60","0,78%","1,57%","-1,62%","0,70","0,50%",N/A
177,LSAG11,,"R$ 106,00",26.0,"R$ 1,48","1,39%","2,50%","-0,58%",N/A,N/A,N/A
178,LUGG11,Residencial,"R$ 70,49",1360.0,"R$ 0,58","0,82%","2,35%","-4,02%","0,60","2,40%",N/A
179,LVBI11,Logística,"R$ 93,34",10986.0,"R$ 0,72","0,75%","1,52%","-0,94%","0,81","0,50%","0,00%"
180,MALL11,Shoppings,"R$ 97,81",9637.0,"R$ 0,78","0,79%","1,55%","-4,69%","0,82","4,00%",N/A
181,MATV11,Títulos e Val. Mob.,"R$ 79,95",1.0,"R$ 0,60","0,74%","1,98%","0,01%","0,87",N/A,N/A
182,MAXR11,Outros,"R$ 63,40",951.0,"R$ 0,54","0,86%","1,40%","7,60%","0,51","2,80%",N/A
183,MCCI11,Títulos e Val. Mob.,"R$ 84,06",47654.0,"R$ 0,95","1,13%","2,25%","-0,84%","0,91",N/A,N/A
184,MCHF11,Títulos e Val. Mob.,"R$ 8,63",132363.0,"R$ 0,10","1,14%","2,30%","1,50%","0,92",N/A,N/A
185,MCHY11,Títulos e Val. Mob.,"R$ 108,51",95.0,"R$ 1,40","1,27%","2,55%","0,00%","1,09",N/A,N/A
186,MFAI11,Híbrido,"R$ 56,45",535.0,"R$ 0,31","0,55%","2,55%","-0,96%","0,85",N/A,N/A
187,MFII11,Híbrido,"R$ 91,50",3635.0,"R$ 1,10","1,17%","2,30%","-2,73%","0,90",N/A,N/A
188,MGCR11,Títulos e Val. Mob.,"R$ 79,36",2037.0,"R$ 0,86","1,09%","2,19%","0,68%","0,88",N/A,N/A
189,MGFF11,Títulos e Val. Mob.,"R$ 53,50",11910.0,"R$ 0,54","0,99%","2,00%","2,13%","0,74",N/A,N/A
190,MGHT11,Hotel,"R$ 59,75",1156.0,"R$ 0,80","1,31%","2,67%","4,00%","0,70",N/A,N/A
191,MORC11,Títulos e Val. Mob.,"R$ 88,66",3384.0,"R$ 1,10","1,20%","2,38%","-4,88%","0,91",N/A,N/A
192,MORE11,Títulos e Val. Mob.,"R$ 59,20",3362.0,"R$ 0,60","0,98%","2,07%","0,64%","0,71",N/A,N/A
193,MXRF11,Híbrido,"R$ 10,32",708260.0,"R$ 0,12","1,17%","2,26%","0,79%","1,02",N/A,N/A
194,NAVT11,Títulos e Val. Mob.,"R$ 70,08",1155.0,"R$ 0,85","1,19%","2,39%","0,51%","0,78",N/A,N/A
195,NCHB11,Títulos e Val. Mob.,"R$ 81,98",6868.0,"R$ 1,02","1,20%","2,35%","-1,70%","0,91",N/A,N/A
196,NCRA11,,"R$ 10,26",10210.0,"R$ 0,15","1,44%","2,84%","-88,74%",N/A,N/A,N/A
197,NCRI11,Títulos e Valores Mobiliários,"R$ 9,35",47.0,"R$ 0,11","1,17%","1,17%","0,00%","0,92",N/A,N/A
198,NEWL11,Híbrido,"R$ 100,17",437.0,"R$ 0,93","0,93%","1,86%","1,02%","0,83","0,00%",N/A
199,NEWU11,Lajes Corporativas,"R$ 69,70",72.0,"R$ 0,10","0,16%","0,39%","41,55%","1,01","63,20%",N/A
200,NSLU11,Hospital,"R$ 165,50",686.0,"R$ 1,51","0,91%","1,86%","0,33%","0,85","0,00%",N/A
201,NVHO11,Hospital,"R$ 12,00",40.0,"R$ 0,08","0,77%","1,53%","-2,27%","0,86",N/A,N/A
202,NVIF11B,Outros,N/A,N/A,"R$ 0,44","0,00%",N/A,"0,00%",N/A,N/A,N/A
203,OIAG11,,"R$ 10,86",25234.0,"R$ 0,17","1,59%","3,24%","3,29%",N/A,N/A,N/A
204,ONEF11,Lajes Corporativas,"R$ 170,00",591.0,"R$ 0,98","0,56%","1,13%","0,57%","0,84","0,00%",N/A
205,ORPD11,Títulos e Val. Mob.,"R$ 11,00",50.0,"R$ 1,38",N/A,N/A,N/A,"0,07",N/A,N/A
206,OUFF11,Títulos e Val. Mob.,"R$ 60,09",2762.0,"R$ 0,70","1,14%","2,25%","-1,88%","0,83",N/A,N/A
207,OUJP11,Títulos e Val. Mob.,"R$ 92,07",7394.0,"R$ 1,25","1,26%","2,54%","0,80%","0,92",N/A,N/A
208,OULG11,Outros,"R$ 36,00",557.0,"R$ 0,41","1,07%","2,12%","-3,20%","0,54","0,00%",N/A
209,OURE11,Títulos e Val. Mob.,"R$ 72,50",1005.0,"R$ 0,95","1,28%","2,62%","0,30%","0,80",N/A,N/A
210,PABY11,Híbrido,"R$ 11,06",1077.0,"R$ 0,00","0,00%","0,00%","-19,84%","-0,67",N/A,N/A
211,PATC11,Lajes Corporativas,"R$ 63,00",1044.0,"R$ 0,22","0,33%","0,65%","-1,46%","0,83","21,90%","18,90%"
212,PATL11,Híbrido,"R$ 60,15",6113.0,"R$ 0,60","0,96%","1,81%","-8,12%","0,61","0,00%","0,00%"
213,PLCA11,,"R$ 91,24",11.0,"R$ 1,10","1,15%","2,30%","1,05%",N/A,N/A,N/A
214,PLCR11,Híbrido,"R$ 84,15",3991.0,"R$ 1,00","1,19%","2,37%","-0,34%","0,93",N/A,N/A
215,PLOG11,Logística,"R$ 69,01",1071.0,"R$ 0,75","1,05%","2,09%","-1,07%","0,65","20,40%",N/A
216,PLRI11,Títulos e Val. Mob.,"R$ 21,72",10.0,"R$ 0,15","0,64%","1,08%","-3,52%","0,67",N/A,N/A
217,PORD11,Títulos e Val. Mob.,"R$ 83,69",8623.0,"R$ 1,05","1,19%","2,42%","-3,84%","0,85",N/A,N/A
218,PQAG11,Logística,"R$ 51,00",26.0,"R$ 0,44","0,83%","1,65%","-1,83%","0,89","0,00%",N/A
219,PQDP11,Shoppings,"R$ 1.597,56",431.0,"R$ 17,34","0,84%","1,35%","0,74%","0,48","3,60%",N/A
220,PRSV11,Lajes Corporativas,"R$ 111,64",5.0,"R$ 1,62","0,42%","4,46%","5,30%","0,51","40,90%",N/A
221,PVBI11,Lajes Corporativas,"R$ 88,46",23903.0,"R$ 0,61","0,71%","1,43%","0,88%","0,85","0,10%",N/A
222,QAGR11,Outros,"R$ 41,17",6804.0,"R$ 0,42","1,00%","1,99%","-0,64%","0,74",N/A,N/A
223,QAMI11,Híbrido,"R$ 77,97",192.0,"R$ 0,95","1,19%","2,30%","-1,98%","0,85",N/A,N/A
224,QIRI11,Títulos e Val. Mob.,"R$ 78,04",39.0,"R$ 89,64","114,86%","121,86%","1,48%","0,87",N/A,N/A
225,RBDS11,Residencial,"R$ 3,15",114.0,"R$ 0,00","0,00%","0,00%","0,00%","0,16",N/A,N/A
226,RBED11,Outros,"R$ 120,43",587.0,"R$ 1,26","1,03%","2,08%","2,07%","0,83","0,00%",N/A
227,RBFF11,Títulos e Val. Mob.,"R$ 46,50",5004.0,"R$ 0,49","0,96%","1,93%","0,30%","0,73",N/A,N/A
228,RBGS11,Shoppings,"R$ 28,45",5157.0,"R$ 0,18","0,62%","5,12%","-1,90%","0,31","13,00%",N/A
229,RBHG11,Títulos e Val. Mob.,"R$ 82,24",2218.0,"R$ 1,05","1,28%","3,72%","-1,78%","0,89",N/A,N/A
230,RBHY11,Títulos e Val. Mob.,"R$ 92,50",5475.0,"R$ 1,20","1,30%","3,79%","-3,17%","0,98",N/A,N/A
231,RBIF11,Renda,"R$ 100,00",223.0,"R$ 0,10","0,00%",N/A,"0,00%",N/A,N/A,N/A
232,RBIR11,Residencial,"R$ 60,87",19.0,"R$ 0,00","0,00%","0,00%","0,00%","0,64",N/A,N/A
233,RBLG11,Logística,"R$ 92,00",9.0,"R$ 0,88","0,94%","1,87%","-1,87%","0,92","0,00%",N/A
234,RBOP11,Outros,"R$ 438,90",320.0,"R$ 8,25","0,00%",N/A,"0,00%","0,57","0,00%",N/A
235,RBRD11,Híbrido,"R$ 33,34",871.0,"R$ 0,32","0,95%","1,87%","-3,38%","0,51","15,52%",N/A
236,RBRF11,Títulos e Val. Mob.,"R$ 62,50",28255.0,"R$ 0,63","0,98%","1,95%","-2,10%","0,76",N/A,N/A
237,RBRL11,Logística,"R$ 69,53",11209.0,"R$ 0,58","0,79%","1,70%","3,01%","0,66","0,00%","0,00%"
238,RBRP11,Outros,"R$ 43,95",13340.0,"R$ 0,27","0,60%","1,18%","-2,59%","0,56","13,00%","6,00%"
239,RBRR11,Títulos e Val. Mob.,"R$ 85,03",33557.0,"R$ 0,95","1,12%","2,26%","2,47%","0,90",N/A,N/A
240,RBRS11,Híbrido,"R$ 50,98",21.0,"R$ 0,40","0,75%","1,49%","-9,68%","0,54",N/A,N/A
241,RBRY11,Títulos e Val. Mob.,"R$ 94,26",13137.0,"R$ 1,20","1,27%","2,48%","-1,30%","0,94",N/A,N/A
242,RBTS11,Outros,"R$ 1.121,00",20.0,"R$ 17,08","0,00%",N/A,"0,00%","1,02",N/A,N/A
243,RBVA11,Outros,"R$ 91,01",5815.0,"R$ 0,95","1,03%","2,04%","-2,76%","0,85","0,70%",N/A
244,RBVO11,Outros,"R$ 9,00",97.0,"R$ 0,02","0,21%","0,31%","-3,88%","0,52",N/A,N/A
245,RCRB11,Lajes Corporativas,"R$ 108,07",2698.0,"R$ 0,74","0,64%","1,29%","1,82%","0,52","28,40%",N/A
246,RDPD11,Títulos e Val. Mob.,"R$ 24,80",253.0,"R$ 0,37","1,37%","2,59%","-3,50%","0,89",N/A,N/A
247,RECR11,Títulos e Val. Mob.,"R$ 76,50",117588.0,"R$ 0,91","1,09%","2,24%","-2,57%","0,80",N/A,N/A
248,RECT11,Híbrido,"R$ 49,77",13226.0,"R$ 0,54","1,05%","2,11%","0,29%","0,53","15,10%",N/A
249,RECX11,Outros,"R$ 63,70",28.0,"R$ 0,70","1,08%","2,17%","0,86%","0,82",N/A,N/A
250,RELG11,Híbrido,"R$ 63,35",528.0,"R$ 0,70","0,99%","1,98%","0,40%","0,52","10,40%","10,40%"
251,RFOF11,Títulos e Val. Mob.,"R$ 66,97",390.0,"R$ 0,70","1,05%","3,09%","-0,49%","0,88",N/A,N/A
252,RMAI11,Lajes Corporativas,"R$ 47,00",132.0,"R$ 0,26","0,55%","1,58%","-4,08%","0,47","23,44%",N/A
253,RNDP11,Títulos e Val. Mob.,"R$ 117,00",16.0,"R$ 0,33","0,21%","0,74%","1,62%","0,63",N/A,N/A
254,RNGO11,Lajes Corporativas,"R$ 47,47",1838.0,"R$ 0,43","0,91%","1,82%","-0,55%","0,55","24,10%",N/A
255,RRCI11,Títulos e Val. Mob.,"R$ 80,02",92.0,"R$ 1,00","1,25%","3,54%","-4,92%","0,88",N/A,N/A
256,RSPD11,Residencial,"R$ 10,02",103.0,"R$ 8,37","0,00%",N/A,"0,00%","0,01",N/A,N/A
257,RSPD11,Residencial,"R$ 10,02",20507.0,"R$ 8,37","0,00%",N/A,"0,00%","0,01",N/A,N/A
258,RSPD11,Residencial,"R$ 10,02",22773.0,"R$ 8,37","0,00%",N/A,"0,00%","0,01",N/A,N/A
259,RSPD11,Residencial,"R$ 10,03",42904.0,"R$ 8,37","0,00%",N/A,"0,00%","0,01",N/A,N/A
260,RSPD11,Residencial,"R$ 10,03",45627.0,"R$ 8,37","0,00%",N/A,"0,00%","0,01",N/A,N/A
261,RSPD11,Residencial,"R$ 10,03",25802.0,"R$ 8,37","0,00%",N/A,"0,00%","0,01",N/A,N/A
262,RSPD11,Residencial,"R$ 10,03",31960.0,"R$ 8,37","0,00%",N/A,"0,00%","0,01",N/A,N/A
263,RSPD11,Residencial,"R$ 10,05",31636.0,"R$ 8,37","0,00%",N/A,"0,00%","0,01",N/A,N/A
264,RSPD11,Residencial,"R$ 10,03",44516.0,"R$ 8,37","0,00%",N/A,"0,00%","0,01",N/A,N/A
265,RURA11,,"R$ 10,50",79145.0,"R$ 0,11","1,05%","2,00%","0,86%",N/A,N/A,N/A
266,RVBI11,Títulos e Val. Mob.,"R$ 70,26",2156.0,"R$ 0,75","1,09%","2,15%","-1,66%","0,86",N/A,N/A
267,RZAG11,Títulos e Val. Mob.,"R$ 9,35",255491.0,"R$ 0,12","1,25%","2,50%","1,14%","0,98",N/A,N/A
268,RZAK11,Títulos e Val. Mob.,"R$ 90,98",47942.0,"R$ 1,20","1,30%","2,52%","-6,43%","0,98",N/A,N/A
269,RZTR11,Híbrido,"R$ 82,76",25347.0,"R$ 0,85","1,01%","1,95%","-6,63%","0,86",N/A,N/A
270,SADI11,Títulos e Val. Mob.,"R$ 87,78",4972.0,"R$ 1,03","1,17%","3,52%","-3,01%","0,90",N/A,N/A
271,SARE11,Híbrido,"R$ 55,80",36568.0,"R$ 0,63","1,03%","2,10%","1,23%","0,59","6,20%",N/A
272,SCPF11,Shoppings,"R$ 4,95",430.0,"R$ 0,05","0,91%","0,91%","0,00%","0,42","29,30%",N/A
273,SDIL11,Logística,"R$ 89,20",6265.0,"R$ 0,83","0,92%","1,82%","-2,72%","0,92","2,60%",N/A
274,SEQR11,Outros,"R$ 59,40",972.0,"R$ 0,69","1,15%","2,30%","0,47%","0,64","0,00%",N/A
275,SHPH11,Shoppings,"R$ 657,00",11.0,"R$ 3,40","0,52%","0,98%","-10,88%","0,73","10,80%",N/A
276,SNAG11,,"R$ 100,70",5552.0,"R$ 1,06","1,05%","2,24%","-0,30%","1,00",N/A,N/A
277,SNCI11,Títulos e Val. Mob.,"R$ 91,70",13562.0,"R$ 1,00","1,04%","2,07%","-0,91%","0,94",N/A,N/A
278,SNFF11,Títulos e Val. Mob.,"R$ 83,94",2477.0,"R$ 0,65","0,77%","1,52%","-3,47%","0,94",N/A,N/A
279,SNID11,Renda,"R$ 101,10",1007.0,"R$ 0,04","0,04%","0,04%","0,00%",N/A,N/A,N/A
280,SNLG11,Logística,"R$ 36,51",1266.0,"R$ 0,35","0,91%","0,91%","0,00%","0,59","0,00%",N/A
281,SPTW11,Lajes Corporativas,"R$ 38,50",1671.0,"R$ 0,42","1,08%","2,11%","-3,61%","0,69","0,00%",N/A
282,SPVJ11,Outros,N/A,N/A,"R$ 0,67","0,00%",N/A,"0,00%",N/A,N/A,N/A
283,SRVD11,Títulos e Val. Mob.,"R$ 6,50",10.0,"R$ 0,10","1,01%","1,01%","0,00%","8,79",N/A,N/A
284,STRX11,Híbrido,"R$ 22,96",3180000.0,"R$ 0,78","0,00%",N/A,"0,00%","0,15",N/A,N/A
285,TEPP11,Lajes Corporativas,"R$ 65,79",2677.0,"R$ 0,50","0,75%","1,46%","-2,88%","0,69","9,06%","18,03%"
286,TGAR11,Outros,"R$ 114,30",74895.0,"R$ 1,31","1,16%","2,25%","-4,87%","0,87",N/A,N/A
287,TORD11,Outros,"R$ 3,98",168962.0,"R$ 0,05","0,93%","0,93%","0,00%","0,29",N/A,N/A
288,TRNT11,Lajes Corporativas,"R$ 103,01",515.0,"R$ 0,47","0,44%","0,76%","-14,31%","0,52","49,90%",N/A
289,TRXF11,Outros,"R$ 101,99",18282.0,"R$ 0,85","0,82%","1,63%","-0,86%","0,99","0,00%",N/A
290,URPR11,Outros,"R$ 92,34",72218.0,"R$ 1,30","1,31%","2,55%","-1,90%","0,93",N/A,N/A
291,VCJR11,Títulos e Val. Mob.,"R$ 86,70",12967.0,"R$ 0,95","1,07%","2,27%","-2,08%","0,91",N/A,N/A
292,VCRA11,Títulos e Valores Mobiliários,"R$ 104,40",3337.0,"R$ 1,00","0,94%","2,31%","-2,62%","1,02",N/A,N/A
293,VCRI11,,"R$ 8,27",43809.0,"R$ 0,11","1,29%","2,53%","-3,39%","0,87",N/A,N/A
294,VCRR11,Residencial,"R$ 69,81",4813.0,"R$ 0,67","0,96%","1,91%","-2,39%","0,54",N/A,N/A
295,VGHF11,Títulos e Val. Mob.,"R$ 9,02",218159.0,"R$ 0,10","1,11%","2,20%","-1,64%","0,99",N/A,N/A
296,VGIA11,Títulos e Val. Mob.,"R$ 9,76",389882.0,"R$ 0,14","1,43%","2,96%","0,41%","1,02",N/A,N/A
297,VGIP11,Outros,"R$ 79,88",31982.0,"R$ 0,87","1,06%","2,05%","1,36%","0,88",N/A,N/A
298,VGIR11,Títulos e Val. Mob.,"R$ 9,42",392500.0,"R$ 0,12","1,25%","2,61%","0,21%","0,98",N/A,N/A
299,VIFI11,Títulos e Val. Mob.,"R$ 6,65",28502.0,"R$ 0,07","0,96%","1,90%","-2,02%","0,78",N/A,N/A
300,VILG11,Logística,"R$ 87,90",26873.0,"R$ 0,53","0,61%","1,33%","-7,00%","0,79","0,00%",N/A
301,VINO11,Lajes Corporativas,"R$ 39,00",21939.0,"R$ 0,31","0,73%","1,44%","-3,60%","0,71","4,20%",N/A
302,VISC11,Shoppings,"R$ 101,10",22356.0,"R$ 0,80","0,78%","1,54%","-3,46%","0,81","8,30%",N/A
303,VIUR11,Títulos e Val. Mob.,"R$ 6,07",133418.0,"R$ 0,07","1,11%","2,13%","-7,54%","0,66","0,00%",N/A
304,VJFD11,Híbrido,N/A,N/A,"R$ 1,02","0,00%",N/A,"0,00%",N/A,N/A,N/A
305,VLOL11,Lajes Corporativas,"R$ 92,82",762.0,"R$ 0,61","0,64%","1,27%","-3,05%","0,83","0,00%",N/A
306,VOTS11,Títulos e Val. Mob.,"R$ 85,27",17.0,"R$ 1,10","1,35%","2,61%","-4,28%","0,92",N/A,N/A
307,VRTA11,Títulos e Val. Mob.,"R$ 85,38",25407.0,"R$ 0,95","1,06%","2,21%","2,61%","0,94",N/A,N/A
308,VSHO11,Shoppings,"R$ 63,80",1452.0,"R$ 0,65","1,02%","2,02%","-2,02%","0,64","12,96%",N/A
309,VSLH11,Outros,"R$ 5,49",150229.0,"R$ 0,06","0,79%","2,28%","2,70%","0,52",N/A,N/A
310,VTLT11,Logística,"R$ 90,95",240.0,"R$ 0,88","1,00%","1,95%","-5,27%","0,90","0,00%","0,00%"
311,VVPR11,Híbrido,"R$ 101,50",2211.0,"R$ 0,89","0,88%","6,57%","2,01%","1,04","0,00%",N/A
312,VXXV11,Outros,"R$ 1.000,00",73.0,"R$ 10,76",N/A,N/A,N/A,"1,01",N/A,N/A
313,WPLZ11,Shoppings,"R$ 64,94",25.0,"R$ 0,45","0,66%","1,25%","-9,40%","0,74","11,00%",N/A
314,WTSP11B,Híbrido,"R$ 34,89",19.0,"R$ 0,23","0,62%","1,19%","6,02%","0,48",N/A,N/A
315,XPCA11,Títulos e Val. Mob.,"R$ 9,86",103483.0,"R$ 0,13","1,31%","2,62%","0,40%","1,04",N/A,N/A
316,XPCI11,Outros,"R$ 82,45",22307.0,"R$ 1,00","1,25%","2,47%","1,45%","0,91",N/A,N/A
317,XPCM11,Lajes Corporativas,"R$ 13,19",3107.0,"R$ 0,12","0,82%","1,49%","-18,15%","0,30","100,00%",N/A
318,XPHT11,Hotel,"R$ 102,50",500.0,"R$ 1,10","1,05%","2,17%","-5,41%","1,09","64,90%",N/A
319,XPID11,Renda,"R$ 84,29",11320.0,"R$ 0,45","0,53%","0,53%","0,00%",N/A,N/A,N/A
320,XPIN11,Outros,"R$ 68,25",2935.0,"R$ 0,65","0,94%","1,86%","-2,24%","0,66","17,30%","12,00%"
321,XPLG11,Logística,"R$ 93,20",29570.0,"R$ 0,74","0,79%","1,60%","2,83%","0,82","8,80%","1,20%"
322,XPML11,Shoppings,"R$ 94,74",95038.0,"R$ 0,78","0,81%","1,60%","-0,67%","0,96","3,90%",N/A
323,XPPR11,Outros,"R$ 26,71",24041.0,"R$ 0,10","0,33%","1,25%","-7,34%","0,36","46,00%","0,00%"
324,XPSF11,Outros,"R$ 7,00",99603.0,"R$ 0,08","1,09%","2,12%","-3,71%","0,87",N/A,N/A
325,XTED11,Lajes Corporativas,"R$ 8,82",2223.0,"R$ 0,00","0,00%","0,00%","1,10%","0,67","0,00%","100,00%"
326,YUFI11B,Residencial,N/A,N/A,"R$ 0,63","0,00%",N/A,"0,00%",N/A,N/A,N/A
327,ZAVI11,Híbrido,"R$ 126,00",373.0,"R$ 1,05","0,00%",N/A,"0,00%","0,99",N/A,N/A
